SlNo,State_Code,State,District_Key,District,Confirmed,Active,Recovered,Deceased,Migrated_Other,Delta_Confirmed,Delta_Active,Delta_Recovered,Delta_Deceased,District_Notes,Last_Updated
0,UN,State Unassigned,UN_Unassigned,Unassigned,8959,8959,0,0,0,516,516,0,0,,
1,AN,Andaman and Nicobar Islands,AN_Nicobars,Nicobars,0,0,0,0,0,0,0,0,0,,
2,AN,Andaman and Nicobar Islands,AN_North and Middle Andaman,North and Middle Andaman,1,0,1,0,0,0,0,0,0,,
3,AN,Andaman and Nicobar Islands,AN_South Andaman,South Andaman,32,0,32,0,0,0,0,0,0,,
0,AP,Andhra Pradesh,AP_Foreign Evacuees,Foreign Evacuees,188,170,18,0,0,56,56,0,0,,
4,AP,Andhra Pradesh,AP_Anantapur,Anantapur,351,172,174,5,0,45,44,1,0,,
5,AP,Andhra Pradesh,AP_Chittoor,Chittoor,327,102,221,4,0,24,16,8,0,,
6,AP,Andhra Pradesh,AP_East Godavari,East Godavari,292,143,146,3,0,11,-22,32,1,,
7,AP,Andhra Pradesh,AP_Guntur,Guntur,580,170,401,9,0,14,6,8,0,,
8,AP,Andhra Pradesh,AP_Krishna,Krishna,607,225,358,24,0,37,32,5,0,,
9,AP,Andhra Pradesh,AP_Kurnool,Kurnool,833,192,613,28,0,57,47,10,0,,
0,AP,Andhra Pradesh,AP_Other State,Other State,933,557,376,0,0,26,4,22,0,,
10,AP,Andhra Pradesh,AP_Prakasam,Prakasam,95,19,76,0,0,9,2,7,0,,
11,AP,Andhra Pradesh,AP_S.P.S. Nellore,S.P.S. Nellore,354,158,192,4,0,2,-2,4,0,,
12,AP,Andhra Pradesh,AP_Srikakulam,Srikakulam,34,23,11,0,0,1,1,0,0,,
13,AP,Andhra Pradesh,AP_Visakhapatnam,Visakhapatnam,167,76,90,1,0,24,17,7,0,,
14,AP,Andhra Pradesh,AP_Vizianagaram,Vizianagaram,48,30,18,0,0,3,-2,5,0,,
15,AP,Andhra Pradesh,AP_West Godavari,West Godavari,249,188,61,0,0,40,39,1,0,,
16,AP,Andhra Pradesh,AP_Y.S.R. Kadapa,Y.S.R. Kadapa,189,75,114,0,0,16,16,0,0,,
17,AR,Arunachal Pradesh,AR_Anjaw,Anjaw,0,0,0,0,0,0,0,0,0,,
18,AR,Arunachal Pradesh,AR_Changlang,Changlang,41,41,0,0,0,3,3,0,0,,
19,AR,Arunachal Pradesh,AR_East Kameng,East Kameng,0,0,0,0,0,0,0,0,0,,
20,AR,Arunachal Pradesh,AR_East Siang,East Siang,3,3,0,0,0,1,1,0,0,,
21,AR,Arunachal Pradesh,AR_Kamle,Kamle,0,0,0,0,0,0,0,0,0,,
22,AR,Arunachal Pradesh,AR_Kra Daadi,Kra Daadi,0,0,0,0,0,0,0,0,0,,
23,AR,Arunachal Pradesh,AR_Kurung Kumey,Kurung Kumey,0,0,0,0,0,0,0,0,0,,
24,AR,Arunachal Pradesh,AR_Lepa Rada,Lepa Rada,0,0,0,0,0,0,0,0,0,,
25,AR,Arunachal Pradesh,AR_Lohit,Lohit,2,1,1,0,0,0,0,0,0,,
26,AR,Arunachal Pradesh,AR_Longding,Longding,0,0,0,0,0,0,0,0,0,,
27,AR,Arunachal Pradesh,AR_Lower Dibang Valley,Lower Dibang Valley,1,1,0,0,0,0,0,0,0,,
28,AR,Arunachal Pradesh,AR_Lower Siang,Lower Siang,0,0,0,0,0,0,0,0,0,,
29,AR,Arunachal Pradesh,AR_Lower Subansiri,Lower Subansiri,0,0,0,0,0,0,0,0,0,,
30,AR,Arunachal Pradesh,AR_Namsai,Namsai,2,2,0,0,0,0,0,0,0,,
31,AR,Arunachal Pradesh,AR_Pakke Kessang,Pakke Kessang,1,0,1,0,0,0,0,0,0,,
32,AR,Arunachal Pradesh,AR_Papum Pare,Papum Pare,7,7,0,0,0,0,0,0,0,,
33,AR,Arunachal Pradesh,AR_Shi Yomi,Shi Yomi,0,0,0,0,0,0,0,0,0,,
34,AR,Arunachal Pradesh,AR_Siang,Siang,0,0,0,0,0,0,0,0,0,,
35,AR,Arunachal Pradesh,AR_Tawang,Tawang,1,1,0,0,0,0,0,0,0,,
36,AR,Arunachal Pradesh,AR_Tirap,Tirap,1,1,0,0,0,0,0,0,0,,
37,AR,Arunachal Pradesh,AR_Upper Dibang Valley,Upper Dibang Valley,0,0,0,0,0,0,0,0,0,,
38,AR,Arunachal Pradesh,AR_Upper Siang,Upper Siang,1,1,0,0,0,0,0,0,0,,
39,AR,Arunachal Pradesh,AR_Upper Subansiri,Upper Subansiri,0,0,0,0,0,0,0,0,0,,
40,AR,Arunachal Pradesh,AR_West Kameng,West Kameng,0,0,0,0,0,0,0,0,0,,
41,AR,Arunachal Pradesh,AR_West Siang,West Siang,1,1,0,0,0,0,0,0,0,,
42,AS,Assam,AS_Baksa,Baksa,17,17,0,0,0,0,0,0,0,,
43,AS,Assam,AS_Barpeta,Barpeta,105,50,55,0,0,0,0,0,0,,
44,AS,Assam,AS_Biswanath,Biswanath,52,45,7,0,0,0,0,0,0,,
45,AS,Assam,AS_Bongaigaon,Bongaigaon,19,12,7,0,0,0,0,0,0,,
46,AS,Assam,AS_Cachar,Cachar,90,8,82,0,0,0,0,0,0,,
47,AS,Assam,AS_Charaideo,Charaideo,15,15,0,0,0,0,0,0,0,,
48,AS,Assam,AS_Chirang,Chirang,38,38,0,0,0,0,0,0,0,,
49,AS,Assam,AS_Darrang,Darrang,89,89,0,0,0,0,0,0,0,,
50,AS,Assam,AS_Dhemaji,Dhemaji,71,65,6,0,0,1,1,0,0,,
51,AS,Assam,AS_Dhubri,Dhubri,306,301,5,0,0,0,0,0,0,,
52,AS,Assam,AS_Dibrugarh,Dibrugarh,55,50,5,0,0,0,0,0,0,,
53,AS,Assam,AS_Dima Hasao,Dima Hasao,88,81,7,0,0,0,0,0,0,,
54,AS,Assam,AS_Goalpara,Goalpara,57,38,4,0,0,0,0,0,0,,
55,AS,Assam,AS_Golaghat,Golaghat,225,138,87,0,0,0,0,0,0,,
56,AS,Assam,AS_Hailakandi,Hailakandi,52,46,5,1,0,0,0,0,0,,
57,AS,Assam,AS_Hojai,Hojai,266,266,0,0,0,0,0,0,0,,
58,AS,Assam,AS_Jorhat,Jorhat,46,-8,54,0,0,2,2,0,0,,
59,AS,Assam,AS_Kamrup,Kamrup,149,128,21,0,0,0,0,0,0,,
60,AS,Assam,AS_Kamrup Metropolitan,Kamrup Metropolitan,423,104,315,4,0,0,0,0,0,,
61,AS,Assam,AS_Karbi Anglong,Karbi Anglong,14,7,7,0,0,0,0,0,0,,
62,AS,Assam,AS_Karimganj,Karimganj,83,67,16,0,0,0,0,0,0,,
63,AS,Assam,AS_Kokrajhar,Kokrajhar,73,63,10,0,0,16,16,0,0,,
64,AS,Assam,AS_Lakhimpur,Lakhimpur,75,69,6,0,0,4,4,0,0,,
65,AS,Assam,AS_Majuli,Majuli,7,7,0,0,0,0,0,0,0,,
66,AS,Assam,AS_Morigaon,Morigaon,49,30,19,0,0,0,0,0,0,,
67,AS,Assam,AS_Nagaon,Nagaon,198,173,25,0,0,19,19,0,0,,
68,AS,Assam,AS_Nalbari,Nalbari,25,16,9,0,0,0,0,0,0,,
0,AS,Assam,AS_Other State,Other State,1,0,1,0,0,0,0,0,0,,
69,AS,Assam,AS_Sivasagar,Sivasagar,27,27,0,0,0,0,0,0,0,,
70,AS,Assam,AS_Sonitpur,Sonitpur,41,6,35,0,0,0,0,0,0,,
71,AS,Assam,AS_South Salmara Mankachar,South Salmara Mankachar,7,6,1,0,0,0,0,0,0,,
72,AS,Assam,AS_Tinsukia,Tinsukia,102,96,6,0,0,0,0,0,0,,
73,AS,Assam,AS_Udalguri,Udalguri,85,83,2,0,0,0,0,0,0,,
74,AS,Assam,AS_West Karbi Anglong,West Karbi Anglong,17,17,0,0,0,0,0,0,0,,
75,BR,Bihar,BR_Araria,Araria,83,43,39,1,0,4,4,0,0,,
76,BR,Bihar,BR_Arwal,Arwal,66,23,43,0,0,7,4,3,0,,
77,BR,Bihar,BR_Aurangabad,Aurangabad,95,32,62,1,0,7,-2,9,0,,
78,BR,Bihar,BR_Banka,Banka,150,55,95,0,0,2,-13,15,0,,
79,BR,Bihar,BR_Begusarai,Begusarai,282,79,200,3,0,0,-16,16,0,,
80,BR,Bihar,BR_Bhagalpur,Bhagalpur,285,134,150,1,0,16,7,9,0,,
81,BR,Bihar,BR_Bhojpur,Bhojpur,129,53,74,2,0,19,19,0,0,,
82,BR,Bihar,BR_Buxar,Buxar,145,41,104,0,0,1,1,0,0,,
83,BR,Bihar,BR_Darbhanga,Darbhanga,135,58,75,2,0,0,-15,14,1,,
101,BR,Bihar,BR_East Champaran,East Champaran,136,63,72,1,0,5,-1,6,0,,
84,BR,Bihar,BR_Gaya,Gaya,125,84,41,0,0,5,1,4,0,,
85,BR,Bihar,BR_Gopalganj,Gopalganj,146,45,101,0,0,-2,-2,0,0,,
86,BR,Bihar,BR_Jamui,Jamui,48,19,28,1,0,4,-1,5,0,,
87,BR,Bihar,BR_Jehanabad,Jehanabad,180,52,127,1,0,0,-4,4,0,,
88,BR,Bihar,BR_Kaimur,Kaimur,117,57,60,0,0,4,4,0,0,,
89,BR,Bihar,BR_Katihar,Katihar,192,113,79,0,0,1,1,0,0,,
90,BR,Bihar,BR_Khagaria,Khagaria,280,160,117,3,0,1,-5,6,0,,
91,BR,Bihar,BR_Kishanganj,Kishanganj,113,95,18,0,0,9,9,0,0,,
92,BR,Bihar,BR_Lakhisarai,Lakhisarai,66,35,31,0,0,0,-1,1,0,,
93,BR,Bihar,BR_Madhepura,Madhepura,124,76,47,1,0,8,-1,9,0,,
94,BR,Bihar,BR_Madhubani,Madhubani,259,151,108,0,0,20,-2,22,0,,
95,BR,Bihar,BR_Munger,Munger,229,89,139,1,0,13,13,0,0,,
96,BR,Bihar,BR_Muzaffarpur,Muzaffarpur,130,90,39,1,0,4,1,3,0,,
97,BR,Bihar,BR_Nalanda,Nalanda,139,27,111,1,0,4,-3,7,0,,
98,BR,Bihar,BR_Nawada,Nawada,173,92,80,1,0,7,-2,9,0,,
100,BR,Bihar,BR_Patna,Patna,294,111,181,2,0,2,17,-15,0,,
102,BR,Bihar,BR_Purnia,Purnia,204,148,56,0,0,55,55,0,0,,
103,BR,Bihar,BR_Rohtas,Rohtas,258,61,196,1,0,3,-3,6,0,,
104,BR,Bihar,BR_Saharsa,Saharsa,95,44,51,0,0,2,-4,6,0,,
105,BR,Bihar,BR_Samastipur,Samastipur,138,74,63,1,0,5,4,1,0,,
106,BR,Bihar,BR_Saran,Saran,130,84,44,2,0,19,19,-1,1,,
107,BR,Bihar,BR_Sheikhpura,Sheikhpura,117,66,51,0,0,2,-5,7,0,,
108,BR,Bihar,BR_Sheohar,Sheohar,28,20,7,1,0,4,6,-2,0,,
109,BR,Bihar,BR_Sitamarhi,Sitamarhi,86,49,35,2,0,8,6,2,0,,
110,BR,Bihar,BR_Siwan,Siwan,161,92,67,2,0,0,-7,8,-1,,
111,BR,Bihar,BR_Supaul,Supaul,168,119,49,0,0,0,-2,2,0,,
112,BR,Bihar,BR_Vaishali,Vaishali,104,45,57,2,0,4,-4,8,0,,
99,BR,Bihar,BR_West Champaran,West Champaran,88,51,37,0,0,0,0,0,0,,
113,CH,Chandigarh,CH_Chandigarh,Chandigarh,328,34,289,5,0,2,-2,4,0,,
114,CT,Chhattisgarh,CT_Other State,Other State,1,1,0,0,0,0,0,0,0,,
114,CT,Chhattisgarh,CT_Balod,Balod,41,20,21,0,0,0,0,0,0,,
115,CT,Chhattisgarh,CT_Baloda Bazar,Baloda Bazar,120,106,14,0,0,0,0,0,0,,
116,CT,Chhattisgarh,CT_Balrampur,Balrampur,32,24,8,0,0,10,10,0,0,,
117,CT,Chhattisgarh,CT_Bametara,Bametara,26,12,14,0,0,1,1,0,0,,
118,CT,Chhattisgarh,CT_Bastar,Bastar,4,3,0,1,0,1,1,0,0,,
119,CT,Chhattisgarh,CT_Bijapur,Bijapur,0,0,0,0,0,0,0,0,0,,
120,CT,Chhattisgarh,CT_Bilaspur,Bilaspur,106,72,33,1,0,1,1,0,0,,
121,CT,Chhattisgarh,CT_Dakshin Bastar Dantewada,Dakshin Bastar Dantewada,0,0,0,0,0,0,0,0,0,,
122,CT,Chhattisgarh,CT_Dhamtari,Dhamtari,6,4,2,0,0,0,0,0,0,,
123,CT,Chhattisgarh,CT_Durg,Durg,43,29,11,3,0,2,1,0,1,,
124,CT,Chhattisgarh,CT_Gariaband,Gariaband,10,6,4,0,0,0,0,0,0,,
125,CT,Chhattisgarh,CT_Janjgir Champa,Janjgir Champa,95,79,16,0,0,26,26,0,0,,
126,CT,Chhattisgarh,CT_Jashpur,Jashpur,80,68,12,0,0,1,-3,4,0,,
127,CT,Chhattisgarh,CT_Kabeerdham,Kabeerdham,81,67,14,0,0,0,0,0,0,,
128,CT,Chhattisgarh,CT_Kondagaon,Kondagaon,0,0,0,0,0,0,0,0,0,,
129,CT,Chhattisgarh,CT_Korba,Korba,127,89,38,0,0,2,2,0,0,,
130,CT,Chhattisgarh,CT_Koriya,Koriya,46,39,7,0,0,1,1,0,0,,
131,CT,Chhattisgarh,CT_Mahasamund,Mahasamund,57,48,9,0,0,0,0,0,0,,
132,CT,Chhattisgarh,CT_Mungeli,Mungeli,108,52,56,0,0,2,2,0,0,,
133,CT,Chhattisgarh,CT_Narayanpur,Narayanpur,0,0,0,0,0,0,0,0,0,,
134,CT,Chhattisgarh,CT_Raigarh,Raigarh,53,39,14,0,0,0,0,0,0,,
135,CT,Chhattisgarh,CT_Raipur,Raipur,99,87,11,1,0,2,2,0,0,,
136,CT,Chhattisgarh,CT_Rajnandgaon,Rajnandgaon,59,23,36,0,0,0,0,0,0,,
137,CT,Chhattisgarh,CT_Sukma,Sukma,0,0,0,0,0,0,0,0,0,,
138,CT,Chhattisgarh,CT_Surajpur,Surajpur,13,5,8,0,0,0,0,0,0,,
139,CT,Chhattisgarh,CT_Surguja,Surguja,26,19,7,0,0,2,2,0,0,,
140,CT,Chhattisgarh,CT_Uttar Bastar Kanker,Uttar Bastar Kanker,26,13,13,0,0,0,0,0,0,,
766,CT,Chhattisgarh,CT_Gaurela Pendra Marwahi,Gaurela Pendra Marwahi,3,0,3,0,0,0,0,0,0,,
144,DL,Delhi,DL_Central Delhi,Central Delhi,184,184,0,0,0,0,0,0,0,,
145,DL,Delhi,DL_East Delhi,East Delhi,38,38,0,0,0,0,0,0,0,,
146,DL,Delhi,DL_New Delhi,New Delhi,37,37,0,0,0,0,0,0,0,,
147,DL,Delhi,DL_North Delhi,North Delhi,60,60,0,0,0,0,0,0,0,,
148,DL,Delhi,DL_North East Delhi,North East Delhi,25,25,0,0,0,0,0,0,0,,
149,DL,Delhi,DL_North West Delhi,North West Delhi,32,31,0,1,0,0,0,0,0,,
150,DL,Delhi,DL_Shahdara,Shahdara,48,48,0,0,0,0,0,0,0,,
151,DL,Delhi,DL_South Delhi,South Delhi,70,70,0,0,0,0,0,0,0,,
152,DL,Delhi,DL_South East Delhi,South East Delhi,130,130,0,0,0,0,0,0,0,,
153,DL,Delhi,DL_South West Delhi,South West Delhi,42,42,0,0,0,0,0,0,0,,
154,DL,Delhi,DL_West Delhi,West Delhi,122,122,0,0,0,0,0,0,0,,
141,DN,Dadra and Nagar Haveli and Daman and Diu,DN_Dadra and Nagar Haveli,Dadra and Nagar Haveli,22,20,2,0,0,0,0,0,0,,
142,DN,Dadra and Nagar Haveli and Daman and Diu,DN_Daman,Daman,0,0,0,0,0,0,0,0,0,,
143,DN,Dadra and Nagar Haveli and Daman and Diu,DN_Diu,Diu,0,0,0,0,0,0,0,0,0,,
155,GA,Goa,GA_North Goa,North Goa,6,0,6,0,0,0,0,0,0,,
156,GA,Goa,GA_South Goa,South Goa,377,316,61,0,0,24,24,0,0,,
0,GJ,Gujarat,GJ_Other State,Other State,33,25,8,0,0,3,3,0,0,,
157,GJ,Gujarat,GJ_Ahmedabad,Ahmedabad,15305,3569,10644,1092,0,343,51,266,26,,
158,GJ,Gujarat,GJ_Amreli,Amreli,19,6,9,4,0,0,-3,1,2,,
159,GJ,Gujarat,GJ_Anand,Anand,119,13,95,11,0,4,2,2,0,,
160,GJ,Gujarat,GJ_Aravalli,Aravalli,130,7,115,8,0,4,3,1,0,,
161,GJ,Gujarat,GJ_Banaskantha,Banaskantha,145,31,107,7,0,0,-1,0,1,,
162,GJ,Gujarat,GJ_Bharuch,Bharuch,62,23,35,4,0,2,2,0,0,,
163,GJ,Gujarat,GJ_Bhavnagar,Bhavnagar,154,34,109,11,0,8,7,0,1,,
164,GJ,Gujarat,GJ_Botad,Botad,60,3,55,2,0,0,0,0,0,,
165,GJ,Gujarat,GJ_Chhota Udaipur,Chhota Udaipur,38,6,32,0,0,1,1,0,0,,
167,GJ,Gujarat,GJ_Dahod,Dahod,46,14,32,0,0,0,0,0,0,,
187,GJ,Gujarat,GJ_Dang,Dang,4,2,2,0,0,0,0,0,0,,
166,GJ,Gujarat,GJ_Devbhumi Dwarka,Devbhumi Dwarka,15,3,12,0,0,0,-1,1,0,,
168,GJ,Gujarat,GJ_Gandhinagar,Gandhinagar,434,212,203,19,0,2,-11,12,1,,
169,GJ,Gujarat,GJ_Gir Somnath,Gir Somnath,48,3,45,0,0,0,0,0,0,,
170,GJ,Gujarat,GJ_Jamnagar,Jamnagar,68,20,45,3,0,2,0,2,0,,
171,GJ,Gujarat,GJ_Junagadh,Junagadh,39,9,29,1,0,2,1,1,0,,
173,GJ,Gujarat,GJ_Kheda,Kheda,110,43,63,4,0,6,6,0,0,,
172,GJ,Gujarat,GJ_Kutch,Kutch,82,10,67,5,0,2,2,0,0,,
175,GJ,Gujarat,GJ_Mahisagar,Mahisagar,116,7,107,2,0,0,0,0,0,,
174,GJ,Gujarat,GJ_Mehsana,Mehsana,165,61,96,8,0,4,0,4,0,,
176,GJ,Gujarat,GJ_Morbi,Morbi,6,2,4,0,0,2,2,0,0,,
177,GJ,Gujarat,GJ_Narmada,Narmada,23,5,18,0,0,0,0,0,0,,
178,GJ,Gujarat,GJ_Navsari,Navsari,35,11,23,1,0,0,-3,3,0,,
179,GJ,Gujarat,GJ_Panchmahal,Panchmahal,109,15,81,13,0,1,0,1,0,,
180,GJ,Gujarat,GJ_Patan,Patan,107,27,73,7,0,1,-1,2,0,,
181,GJ,Gujarat,GJ_Porbandar,Porbandar,14,3,9,2,0,2,-1,3,0,,
182,GJ,Gujarat,GJ_Rajkot,Rajkot,138,52,81,5,0,5,4,1,0,,
183,GJ,Gujarat,GJ_Sabarkantha,Sabarkantha,131,36,90,5,0,4,2,1,1,,
184,GJ,Gujarat,GJ_Surat,Surat,2281,683,1512,86,0,73,18,53,2,,
185,GJ,Gujarat,GJ_Surendranagar,Surendranagar,60,25,33,2,0,4,2,2,0,,
186,GJ,Gujarat,GJ_Tapi,Tapi,6,1,5,0,0,0,0,0,0,,
188,GJ,Gujarat,GJ_Vadodara,Vadodara,1395,477,875,43,0,35,21,14,0,,
189,GJ,Gujarat,GJ_Valsad,Valsad,57,26,29,2,0,0,0,0,0,,
212,HP,Himachal Pradesh,HP_Bilaspur,Bilaspur,24,12,12,0,0,2,2,0,0,,
213,HP,Himachal Pradesh,HP_Chamba,Chamba,32,12,20,0,0,0,-2,2,0,,
214,HP,Himachal Pradesh,HP_Hamirpur,Hamirpur,124,45,78,1,0,0,0,0,0,,
215,HP,Himachal Pradesh,HP_Kangra,Kangra,118,53,64,1,0,3,2,1,0,,
216,HP,Himachal Pradesh,HP_Kinnaur,Kinnaur,2,2,0,0,0,0,0,0,0,,
217,HP,Himachal Pradesh,HP_Kullu,Kullu,4,2,2,0,0,0,-1,1,0,,
218,HP,Himachal Pradesh,HP_Lahaul and Spiti,Lahaul and Spiti,0,0,0,0,0,0,0,0,0,,
219,HP,Himachal Pradesh,HP_Mandi,Mandi,22,10,10,2,0,0,-1,1,0,,
220,HP,Himachal Pradesh,HP_Shimla,Shimla,14,4,8,2,0,1,0,0,1,,
221,HP,Himachal Pradesh,HP_Sirmaur,Sirmaur,22,18,4,0,0,2,2,0,0,,
222,HP,Himachal Pradesh,HP_Solan,Solan,35,14,17,1,3,1,-2,3,0,,
223,HP,Himachal Pradesh,HP_Una,Una,54,19,35,0,0,5,0,5,0,,
0,HR,Haryana,HR_Foreign Evacuees,Foreign Evacuees,21,16,5,0,0,0,-3,3,0,,
190,HR,Haryana,HR_Ambala,Ambala,111,56,53,2,0,13,13,0,0,,
191,HR,Haryana,HR_Bhiwani,Bhiwani,82,49,33,0,0,1,-2,3,0,,
192,HR,Haryana,HR_Charkhi Dadri,Charkhi Dadri,45,38,7,0,0,10,4,6,0,,
193,HR,Haryana,HR_Faridabad,Faridabad,855,531,306,18,0,41,-72,110,3,,
194,HR,Haryana,HR_Fatehabad,Fatehabad,51,34,17,0,0,6,4,2,0,,
195,HR,Haryana,HR_Gurugram,Gurugram,2546,1709,824,13,0,217,31,184,2,,
196,HR,Haryana,HR_Hisar,Hisar,102,49,52,1,0,5,-11,16,0,,
0,HR,Haryana,HR_Italians,Italians,14,0,14,0,0,0,0,0,0,,
197,HR,Haryana,HR_Jhajjar,Jhajjar,112,13,99,0,0,0,-2,2,0,,
198,HR,Haryana,HR_Jind,Jind,65,36,26,3,0,11,11,0,0,,
199,HR,Haryana,HR_Kaithal,Kaithal,46,18,28,0,0,1,-9,10,0,,
200,HR,Haryana,HR_Karnal,Karnal,108,59,47,2,0,0,0,0,0,,
201,HR,Haryana,HR_Kurukshetra,Kurukshetra,60,26,34,0,0,5,2,3,0,,
202,HR,Haryana,HR_Mahendragarh,Mahendragarh,106,33,73,0,0,0,-9,9,0,,
203,HR,Haryana,HR_Nuh,Nuh,104,26,78,0,0,2,-3,5,0,,
204,HR,Haryana,HR_Palwal,Palwal,142,85,57,0,0,0,-3,3,0,,
205,HR,Haryana,HR_Panchkula,Panchkula,43,17,26,0,0,2,2,0,0,,
206,HR,Haryana,HR_Panipat,Panipat,86,25,57,4,0,0,0,0,0,,
207,HR,Haryana,HR_Rewari,Rewari,65,53,12,0,0,2,2,0,0,,
208,HR,Haryana,HR_Rohtak,Rohtak,228,141,84,3,0,23,21,2,0,,
209,HR,Haryana,HR_Sirsa,Sirsa,58,19,39,0,0,1,0,1,0,,
210,HR,Haryana,HR_Sonipat,Sonipat,502,288,208,6,0,28,4,22,2,,
211,HR,Haryana,HR_Yamunanagar,Yamunanagar,27,18,9,0,0,2,2,0,0,,
246,JH,Jharkhand,JH_Bokaro,Bokaro,28,6,20,2,0,2,2,0,0,,
247,JH,Jharkhand,JH_Chatra,Chatra,29,28,1,0,0,5,5,0,0,,
248,JH,Jharkhand,JH_Deoghar,Deoghar,10,5,5,0,0,0,0,0,0,,
249,JH,Jharkhand,JH_Dhanbad,Dhanbad,114,62,52,0,0,0,0,0,0,,
250,JH,Jharkhand,JH_Dumka,Dumka,4,0,4,0,0,0,0,0,0,,
264,JH,Jharkhand,JH_East Singhbhum,East Singhbhum,214,164,50,0,0,22,14,8,0,,
251,JH,Jharkhand,JH_Garhwa,Garhwa,88,30,58,0,0,0,0,0,0,,
252,JH,Jharkhand,JH_Giridih,Giridih,52,31,20,1,0,19,19,0,0,,
253,JH,Jharkhand,JH_Godda,Godda,1,0,1,0,0,0,0,0,0,,
254,JH,Jharkhand,JH_Gumla,Gumla,69,60,9,0,0,0,-3,3,0,,
255,JH,Jharkhand,JH_Hazaribagh,Hazaribagh,130,46,84,0,0,7,-2,9,0,,
256,JH,Jharkhand,JH_Jamtara,Jamtara,28,26,2,0,0,0,0,0,0,,
257,JH,Jharkhand,JH_Khunti,Khunti,16,12,4,0,0,2,2,0,0,,
258,JH,Jharkhand,JH_Koderma,Koderma,90,53,36,1,0,12,12,0,0,,
259,JH,Jharkhand,JH_Latehar,Latehar,45,25,20,0,0,0,-13,13,0,,
260,JH,Jharkhand,JH_Lohardaga,Lohardaga,36,22,14,0,0,5,5,0,0,,
261,JH,Jharkhand,JH_Pakur,Pakur,29,24,5,0,0,12,12,0,0,,
262,JH,Jharkhand,JH_Palamu,Palamu,38,11,27,0,0,7,7,0,0,,
265,JH,Jharkhand,JH_Ramgarh,Ramgarh,97,87,10,0,0,2,2,0,0,,
266,JH,Jharkhand,JH_Ranchi,Ranchi,152,25,123,4,0,0,0,0,0,,
267,JH,Jharkhand,JH_Sahibganj,Sahibganj,3,2,1,0,0,0,0,0,0,,
268,JH,Jharkhand,JH_Saraikela-Kharsawan,Saraikela-Kharsawan,32,26,6,0,0,7,7,0,0,,
269,JH,Jharkhand,JH_Simdega,Simdega,209,175,34,0,0,31,31,0,0,,
263,JH,Jharkhand,JH_West Singhbhum,West Singhbhum,37,31,6,0,0,2,2,0,0,,
224,JK,Jammu and Kashmir,JK_Anantnag,Anantnag,470,160,305,5,0,7,-43,50,0,,
226,JK,Jammu and Kashmir,JK_Bandipora,Bandipora,229,92,136,1,0,4,4,0,0,,
227,JK,Jammu and Kashmir,JK_Baramulla,Baramulla,495,363,122,10,0,8,6,1,1,,
225,JK,Jammu and Kashmir,JK_Budgam,Budgam,211,130,79,2,0,2,1,1,0,,
228,JK,Jammu and Kashmir,JK_Doda,Doda,43,40,2,1,0,1,1,0,0,,
229,JK,Jammu and Kashmir,JK_Ganderbal,Ganderbal,58,32,26,0,0,0,0,0,0,,
230,JK,Jammu and Kashmir,JK_Jammu,Jammu,242,134,105,3,0,4,-11,15,0,,
231,JK,Jammu and Kashmir,JK_Kathua,Kathua,123,74,49,0,0,2,-2,4,0,,
232,JK,Jammu and Kashmir,JK_Kishtwar,Kishtwar,21,15,6,0,0,0,-2,2,0,,
233,JK,Jammu and Kashmir,JK_Kulgam,Kulgam,568,400,161,7,0,28,21,6,1,,
234,JK,Jammu and Kashmir,JK_Kupwara,Kupwara,374,139,232,3,0,18,-16,34,0,,
235,JK,Jammu and Kashmir,JK_Mirpur,Mirpur,0,0,0,0,0,0,0,0,0,,
236,JK,Jammu and Kashmir,JK_Muzaffarabad,Muzaffarabad,0,0,0,0,0,0,0,0,0,,
237,JK,Jammu and Kashmir,JK_Pulwama,Pulwama,190,168,20,2,0,1,-3,3,1,,
238,JK,Jammu and Kashmir,JK_Punch,Punch,85,76,9,0,0,12,8,4,0,,
239,JK,Jammu and Kashmir,JK_Rajouri,Rajouri,57,44,13,0,0,0,0,0,0,,
240,JK,Jammu and Kashmir,JK_Ramban,Ramban,172,149,23,0,0,2,1,1,0,,
241,JK,Jammu and Kashmir,JK_Reasi,Reasi,23,20,3,0,0,0,0,0,0,,
242,JK,Jammu and Kashmir,JK_Samba,Samba,69,46,23,0,0,6,6,0,0,,
243,JK,Jammu and Kashmir,JK_Shopiyan,Shopiyan,439,264,171,4,0,37,-1,38,0,,
244,JK,Jammu and Kashmir,JK_Srinagar,Srinagar,488,325,151,12,0,10,5,5,0,,
245,JK,Jammu and Kashmir,JK_Udhampur,Udhampur,150,114,35,1,0,19,18,1,0,,
270,KA,Karnataka,KA_Bagalkote,Bagalkote,96,12,83,1,0,2,1,1,0,,
271,KA,Karnataka,KA_Ballari,Ballari,71,27,43,1,0,3,3,0,0,,
272,KA,Karnataka,KA_Belagavi,Belagavi,302,146,155,1,0,1,-3,4,0,,
274,KA,Karnataka,KA_Bengaluru Rural,Bengaluru Rural,36,24,11,1,0,0,0,0,0,,
273,KA,Karnataka,KA_Bengaluru Urban,Bengaluru Urban,564,244,298,21,1,42,40,0,2,,
275,KA,Karnataka,KA_Bidar,Bidar,284,127,151,6,0,5,-14,19,0,,
276,KA,Karnataka,KA_Chamarajanagara,Chamarajanagara,1,1,0,0,0,0,0,0,0,,
277,KA,Karnataka,KA_Chikkaballapura,Chikkaballapura,152,40,109,3,0,0,0,0,0,,
278,KA,Karnataka,KA_Chikkamagaluru,Chikkamagaluru,18,0,18,0,0,0,0,0,0,,
279,KA,Karnataka,KA_Chitradurga,Chitradurga,40,17,23,0,0,0,0,0,0,,
280,KA,Karnataka,KA_Dakshina Kannada,Dakshina Kannada,214,112,95,6,1,4,-6,10,0,,
281,KA,Karnataka,KA_Davanagere,Davanagere,214,43,165,6,0,3,-5,8,0,,
282,KA,Karnataka,KA_Dharwad,Dharwad,70,24,45,1,0,4,-3,6,1,,
283,KA,Karnataka,KA_Gadag,Gadag,49,13,34,2,0,0,-1,1,0,,
284,KA,Karnataka,KA_Hassan,Hassan,214,64,150,0,0,3,3,0,0,,
285,KA,Karnataka,KA_Haveri,Haveri,22,8,14,0,0,0,-3,3,0,,
286,KA,Karnataka,KA_Kalaburagi,Kalaburagi,780,493,279,8,0,11,-55,66,0,,
287,KA,Karnataka,KA_Kodagu,Kodagu,3,2,1,0,0,0,0,0,0,,
288,KA,Karnataka,KA_Kolar,Kolar,30,4,26,0,0,0,-8,8,0,,
289,KA,Karnataka,KA_Koppal,Koppal,12,8,4,0,0,0,0,0,0,,
290,KA,Karnataka,KA_Mandya,Mandya,334,87,247,0,0,0,-11,11,0,,
291,KA,Karnataka,KA_Mysuru,Mysuru,99,5,94,0,0,0,0,0,0,,
0,KA,Karnataka,KA_Other State,Other State,34,6,27,1,0,0,0,0,0,,
292,KA,Karnataka,KA_Raichur,Raichur,359,276,82,1,0,0,0,0,0,,
293,KA,Karnataka,KA_Ramanagara,Ramanagara,7,6,1,0,0,2,2,0,0,,
294,KA,Karnataka,KA_Shivamogga,Shivamogga,73,42,31,0,0,0,0,0,0,,
295,KA,Karnataka,KA_Tumakuru,Tumakuru,34,4,28,2,0,0,0,0,0,,
296,KA,Karnataka,KA_Udupi,Udupi,947,619,327,1,0,0,-93,93,0,,
297,KA,Karnataka,KA_Uttara Kannada,Uttara Kannada,96,14,82,0,0,0,-10,10,0,,
298,KA,Karnataka,KA_Vijayapura,Vijayapura,217,80,131,6,0,13,13,0,0,,
299,KA,Karnataka,KA_Yadgir,Yadgir,669,560,108,1,0,27,10,17,0,,
0,KL,Kerala,KL_Other State,Other State,2,2,0,0,0,0,0,0,0,,
300,KL,Kerala,KL_Alappuzha,Alappuzha,107,82,24,1,0,1,-6,7,0,,
301,KL,Kerala,KL_Ernakulam,Ernakulam,87,45,41,1,0,4,2,2,0,,
302,KL,Kerala,KL_Idukki,Idukki,53,27,26,0,0,4,4,0,0,,
303,KL,Kerala,KL_Kannur,Kannur,274,112,160,2,0,4,-9,13,0,,
304,KL,Kerala,KL_Kasaragod,Kasaragod,339,104,235,0,0,0,-11,11,0,,
305,KL,Kerala,KL_Kollam,Kollam,133,98,34,1,0,4,0,4,0,,
306,KL,Kerala,KL_Kottayam,Kottayam,84,40,43,1,0,3,1,2,0,,
307,KL,Kerala,KL_Kozhikode,Kozhikode,132,72,59,1,0,10,7,3,0,,
308,KL,Kerala,KL_Malappuram,Malappuram,230,168,59,3,0,7,7,0,0,,
309,KL,Kerala,KL_Palakkad,Palakkad,252,184,67,1,0,6,6,0,0,,
310,KL,Kerala,KL_Pathanamthitta,Pathanamthitta,115,80,35,0,0,3,-3,6,0,,
311,KL,Kerala,KL_Thiruvananthapuram,Thiruvananthapuram,121,71,47,3,0,6,3,3,0,,
312,KL,Kerala,KL_Thrissur,Thrissur,179,132,44,3,0,9,8,0,1,,
313,KL,Kerala,KL_Wayanad,Wayanad,54,22,31,1,0,4,-2,6,0,,
314,LA,Ladakh,LA_Kargil,Kargil,54,41,13,0,0,0,0,0,0,,
315,LA,Ladakh,LA_Leh,Leh,61,23,37,1,0,7,7,0,0,,
316,LD,Lakshadweep,LD_Lakshadweep,Lakshadweep,0,0,0,0,0,0,0,0,0,,
369,MH,Maharashtra,MH_Ahmednagar,Ahmednagar,220,72,139,9,0,10,-8,18,0,,
370,MH,Maharashtra,MH_Akola,Akola,882,345,497,40,0,34,-18,50,2,,
371,MH,Maharashtra,MH_Amravati,Amravati,305,75,210,20,0,2,-9,10,1,,
372,MH,Maharashtra,MH_Aurangabad,Aurangabad,2173,773,1283,117,0,88,69,12,7,,
374,MH,Maharashtra,MH_Beed,Beed,63,15,46,2,0,0,-1,0,1,,
373,MH,Maharashtra,MH_Bhandara,Bhandara,42,11,31,0,0,0,-7,7,0,,
375,MH,Maharashtra,MH_Buldhana,Buldhana,98,39,56,3,0,1,-1,2,0,,
376,MH,Maharashtra,MH_Chandrapur,Chandrapur,45,19,26,0,0,3,3,0,0,,
377,MH,Maharashtra,MH_Dhule,Dhule,334,174,135,25,0,44,38,6,0,,
378,MH,Maharashtra,MH_Gadchiroli,Gadchiroli,45,7,37,1,0,0,-4,3,1,,
379,MH,Maharashtra,MH_Gondia,Gondia,68,1,67,0,0,0,0,0,0,,
380,MH,Maharashtra,MH_Hingoli,Hingoli,214,35,179,0,0,0,-11,11,0,,
381,MH,Maharashtra,MH_Jalgaon,Jalgaon,1288,599,569,120,0,139,81,53,5,,
382,MH,Maharashtra,MH_Jalna,Jalna,225,72,148,5,0,16,-1,17,0,,
383,MH,Maharashtra,MH_Kolhapur,Kolhapur,671,193,470,8,0,1,-39,40,0,,
384,MH,Maharashtra,MH_Latur,Latur,147,25,118,4,0,8,2,6,0,,
385,MH,Maharashtra,MH_Mumbai,Mumbai,52667,27116,23694,1857,0,1567,719,751,97,,
386,MH,Maharashtra,MH_Mumbai Suburban,Mumbai Suburban,0,0,0,0,0,0,0,0,0,,
387,MH,Maharashtra,MH_Nagpur,Nagpur,831,324,495,12,0,43,26,17,0,,
388,MH,Maharashtra,MH_Nanded,Nanded,174,53,113,8,0,3,3,0,0,,
389,MH,Maharashtra,MH_Nandurbar,Nandurbar,44,12,28,4,0,4,4,0,0,,
390,MH,Maharashtra,MH_Nashik,Nashik,1704,479,1130,95,0,44,8,36,0,,
391,MH,Maharashtra,MH_Osmanabad,Osmanabad,140,54,83,3,0,15,6,9,0,,
0,MH,Maharashtra,MH_Other State,Other State,80,60,0,20,0,2,2,0,0,,
392,MH,Maharashtra,MH_Palghar,Palghar,1738,1048,645,45,0,102,63,37,2,,
393,MH,Maharashtra,MH_Parbhani,Parbhani,80,19,58,3,0,2,-6,8,0,,
394,MH,Maharashtra,MH_Pune,Pune,10406,3888,6079,439,0,333,147,176,10,,
395,MH,Maharashtra,MH_Raigad,Raigad,1575,536,981,58,0,75,20,55,0,,
396,MH,Maharashtra,MH_Ratnagiri,Ratnagiri,381,176,191,14,0,3,-1,4,0,,
397,MH,Maharashtra,MH_Sangli,Sangli,188,78,106,4,0,8,-3,11,0,,
398,MH,Maharashtra,MH_Satara,Satara,681,293,361,27,0,23,21,2,0,,
399,MH,Maharashtra,MH_Sindhudurg,Sindhudurg,133,82,51,0,0,3,-17,20,0,,
400,MH,Maharashtra,MH_Solapur,Solapur,1483,717,654,112,0,15,-12,27,0,,
401,MH,Maharashtra,MH_Thane,Thane,14720,8636,5706,378,0,657,146,488,23,,
402,MH,Maharashtra,MH_Wardha,Wardha,14,6,7,1,0,3,3,0,0,,
403,MH,Maharashtra,MH_Washim,Washim,14,6,6,2,0,2,2,0,0,,
404,MH,Maharashtra,MH_Yavatmal,Yavatmal,168,49,117,2,0,4,3,1,0,,
421,ML,Meghalaya,ML_East Garo Hills,East Garo Hills,0,0,0,0,0,0,0,0,0,,
422,ML,Meghalaya,ML_East Jaintia Hills,East Jaintia Hills,0,0,0,0,0,0,0,0,0,,
423,ML,Meghalaya,ML_East Khasi Hills,East Khasi Hills,20,6,13,1,0,1,1,0,0,,
424,ML,Meghalaya,ML_North Garo Hills,North Garo Hills,1,1,0,0,0,0,0,0,0,,
425,ML,Meghalaya,ML_Ribhoi,Ribhoi,1,1,0,0,0,0,0,0,0,,
426,ML,Meghalaya,ML_South Garo Hills,South Garo Hills,0,0,0,0,0,0,0,0,0,,
427,ML,Meghalaya,ML_South West Garo Hills,South West Garo Hills,4,4,0,0,0,0,0,0,0,,
428,ML,Meghalaya,ML_South West Khasi Hills,South West Khasi Hills,0,0,0,0,0,0,0,0,0,,
429,ML,Meghalaya,ML_West Garo Hills,West Garo Hills,5,5,0,0,0,0,0,0,0,,
430,ML,Meghalaya,ML_West Jaintia Hills,West Jaintia Hills,4,4,0,0,0,0,0,0,0,,
431,ML,Meghalaya,ML_West Khasi Hills,West Khasi Hills,1,1,0,0,0,0,0,0,0,,
405,MN,Manipur,MN_Bishnupur,Bishnupur,40,39,1,0,0,0,0,0,0,,
406,MN,Manipur,MN_Chandel,Chandel,4,4,0,0,0,0,0,0,0,,
407,MN,Manipur,MN_Churachandpur,Churachandpur,41,38,3,0,0,0,0,0,0,,
408,MN,Manipur,MN_Imphal East,Imphal East,15,3,12,0,0,5,5,0,0,,
409,MN,Manipur,MN_Imphal West,Imphal West,42,37,5,0,0,0,0,0,0,,
410,MN,Manipur,MN_Jiribam,Jiribam,0,0,0,0,0,0,0,0,0,,
411,MN,Manipur,MN_Kakching,Kakching,22,22,0,0,0,0,0,0,0,,
412,MN,Manipur,MN_Kamjong,Kamjong,11,9,2,0,0,0,0,0,0,,
413,MN,Manipur,MN_Kangpokpi,Kangpokpi,43,43,0,0,0,0,0,0,0,,
414,MN,Manipur,MN_Noney,Noney,13,12,1,0,0,0,0,0,0,,
415,MN,Manipur,MN_Pherzawl,Pherzawl,5,5,0,0,0,2,2,0,0,,
416,MN,Manipur,MN_Senapati,Senapati,7,7,0,0,0,0,0,0,0,,
417,MN,Manipur,MN_Tamenglong,Tamenglong,5,4,1,0,0,0,0,0,0,,
418,MN,Manipur,MN_Tengnoupal,Tengnoupal,9,9,0,0,0,0,0,0,0,,
419,MN,Manipur,MN_Thoubal,Thoubal,10,6,4,0,0,0,0,0,0,,
420,MN,Manipur,MN_Ukhrul,Ukhrul,13,11,2,0,0,0,0,0,0,,
317,MP,Madhya Pradesh,MP_Agar Malwa,Agar Malwa,15,2,12,1,0,0,0,0,0,,
318,MP,Madhya Pradesh,MP_Alirajpur,Alirajpur,3,0,3,0,0,0,0,0,0,,
319,MP,Madhya Pradesh,MP_Anuppur,Anuppur,24,7,17,0,0,0,0,0,0,,
320,MP,Madhya Pradesh,MP_Ashoknagar,Ashoknagar,32,20,11,1,0,0,0,0,0,,
321,MP,Madhya Pradesh,MP_Balaghat,Balaghat,11,6,5,0,0,0,0,0,0,,
322,MP,Madhya Pradesh,MP_Barwani,Barwani,62,9,51,2,0,3,-1,3,1,,
323,MP,Madhya Pradesh,MP_Betul,Betul,36,10,26,0,0,1,1,0,0,,
324,MP,Madhya Pradesh,MP_Bhind,Bhind,106,50,56,0,0,1,-4,5,0,,
325,MP,Madhya Pradesh,MP_Bhopal,Bhopal,1927,506,1355,66,0,47,17,29,1,,
326,MP,Madhya Pradesh,MP_Burhanpur,Burhanpur,377,76,282,19,0,4,-6,10,0,,
327,MP,Madhya Pradesh,MP_Chhatarpur,Chhatarpur,41,12,29,0,0,0,-2,2,0,,
328,MP,Madhya Pradesh,MP_Chhindwara,Chhindwara,29,24,4,1,0,11,11,0,0,,
329,MP,Madhya Pradesh,MP_Damoh,Damoh,27,4,23,0,0,1,1,0,0,,
330,MP,Madhya Pradesh,MP_Datia,Datia,20,13,6,1,0,0,0,0,0,,
331,MP,Madhya Pradesh,MP_Dewas,Dewas,145,55,81,9,0,9,4,5,0,,
332,MP,Madhya Pradesh,MP_Dhar,Dhar,129,3,122,4,0,0,-3,3,0,,
333,MP,Madhya Pradesh,MP_Dindori,Dindori,29,13,16,0,0,0,-11,11,0,,
335,MP,Madhya Pradesh,MP_Guna,Guna,9,7,2,0,0,2,2,0,0,,
336,MP,Madhya Pradesh,MP_Gwalior,Gwalior,228,111,115,2,0,12,12,0,0,,
337,MP,Madhya Pradesh,MP_Harda,Harda,3,0,3,0,0,0,0,0,0,,
338,MP,Madhya Pradesh,MP_Hoshangabad,Hoshangabad,37,0,34,3,0,0,0,0,0,,
339,MP,Madhya Pradesh,MP_Indore,Indore,3881,1129,2591,161,0,51,24,25,2,,
340,MP,Madhya Pradesh,MP_Jabalpur,Jabalpur,283,53,219,11,0,2,-2,4,0,,
341,MP,Madhya Pradesh,MP_Jhabua,Jhabua,13,0,12,1,0,0,0,0,0,,
342,MP,Madhya Pradesh,MP_Katni,Katni,3,3,0,0,0,0,0,0,0,,
334,MP,Madhya Pradesh,MP_Khandwa,Khandwa,274,30,227,17,0,0,-3,3,0,,
368,MP,Madhya Pradesh,MP_Khargone,Khargone,209,58,138,13,0,4,2,2,0,,
343,MP,Madhya Pradesh,MP_Mandla,Mandla,5,1,3,1,0,0,-2,2,0,,
344,MP,Madhya Pradesh,MP_Mandsaur,Mandsaur,95,3,83,9,0,0,0,0,0,,
345,MP,Madhya Pradesh,MP_Morena,Morena,133,40,92,1,0,2,2,0,0,,
346,MP,Madhya Pradesh,MP_Narsinghpur,Narsinghpur,18,14,4,0,0,1,1,0,0,,
347,MP,Madhya Pradesh,MP_Neemuch,Neemuch,353,126,222,5,0,10,-13,23,0,,
348,MP,Madhya Pradesh,MP_Niwari,Niwari,0,0,0,0,0,0,0,0,0,,
0,MP,Madhya Pradesh,MP_Other Region,Other Region,0,0,0,0,0,0,0,0,0,,
349,MP,Madhya Pradesh,MP_Panna,Panna,21,2,19,0,0,0,-4,4,0,,
350,MP,Madhya Pradesh,MP_Raisen,Raisen,76,8,65,3,0,1,1,0,0,,
351,MP,Madhya Pradesh,MP_Rajgarh,Rajgarh,37,25,9,3,0,4,4,0,0,,
352,MP,Madhya Pradesh,MP_Ratlam,Ratlam,85,46,35,4,0,24,21,3,0,,
353,MP,Madhya Pradesh,MP_Rewa,Rewa,38,3,34,1,0,0,-1,0,1,,
354,MP,Madhya Pradesh,MP_Sagar,Sagar,242,78,151,13,0,5,0,4,1,,
355,MP,Madhya Pradesh,MP_Satna,Satna,22,1,19,2,0,0,0,0,0,,
356,MP,Madhya Pradesh,MP_Sehore,Sehore,11,0,9,2,0,0,-5,5,0,,
357,MP,Madhya Pradesh,MP_Seoni,Seoni,2,0,2,0,0,0,0,0,0,,
358,MP,Madhya Pradesh,MP_Shahdol,Shahdol,13,6,7,0,0,0,0,0,0,,
359,MP,Madhya Pradesh,MP_Shajapur,Shajapur,38,27,8,3,0,0,-1,0,1,,
360,MP,Madhya Pradesh,MP_Sheopur,Sheopur,53,38,13,2,0,3,-3,6,0,,
361,MP,Madhya Pradesh,MP_Shivpuri,Shivpuri,17,9,8,0,0,0,0,0,0,,
362,MP,Madhya Pradesh,MP_Sidhi,Sidhi,17,5,12,0,0,0,0,0,0,,
363,MP,Madhya Pradesh,MP_Singrauli,Singrauli,12,1,11,0,0,0,0,0,0,,
364,MP,Madhya Pradesh,MP_Tikamgarh,Tikamgarh,16,8,7,1,0,0,0,0,0,,
365,MP,Madhya Pradesh,MP_Ujjain,Ujjain,745,69,612,64,0,2,-8,10,0,,
366,MP,Madhya Pradesh,MP_Umaria,Umaria,10,7,2,1,0,0,0,0,0,,
367,MP,Madhya Pradesh,MP_Vidisha,Vidisha,37,12,25,0,0,0,-4,4,0,,
432,MZ,Mizoram,MZ_Aizawl,Aizawl,13,12,1,0,0,1,1,0,0,,
433,MZ,Mizoram,MZ_Champhai,Champhai,5,5,0,0,0,0,0,0,0,,
729,MZ,Mizoram,MZ_Hnahthial,Hnahthial,0,0,0,0,0,0,0,0,0,,
730,MZ,Mizoram,MZ_Khawzawl,Khawzawl,2,2,0,0,0,0,0,0,0,,
434,MZ,Mizoram,MZ_Kolasib,Kolasib,11,11,0,0,0,0,0,0,0,,
435,MZ,Mizoram,MZ_Lawngtlai,Lawngtlai,4,4,0,0,0,1,1,0,0,,
436,MZ,Mizoram,MZ_Lunglei,Lunglei,45,45,0,0,0,0,0,0,0,,
437,MZ,Mizoram,MZ_Mamit,Mamit,8,8,0,0,0,0,0,0,0,,
438,MZ,Mizoram,MZ_Saiha,Saiha,1,1,0,0,0,0,0,0,0,,
728,MZ,Mizoram,MZ_Saitual,Saitual,3,3,0,0,0,2,2,0,0,,
439,MZ,Mizoram,MZ_Serchhip,Serchhip,1,1,0,0,0,1,1,0,0,,
440,NL,Nagaland,NL_Dimapur,Dimapur,16,4,12,0,0,0,-4,4,0,,
441,NL,Nagaland,NL_Kiphire,Kiphire,4,4,0,0,0,0,0,0,0,,
442,NL,Nagaland,NL_Kohima,Kohima,8,-2,10,0,0,1,-7,8,0,,
443,NL,Nagaland,NL_Longleng,Longleng,0,0,0,0,0,0,0,0,0,,
444,NL,Nagaland,NL_Mokokchung,Mokokchung,0,0,0,0,0,0,0,0,0,,
445,NL,Nagaland,NL_Mon,Mon,23,23,0,0,0,0,0,0,0,,
446,NL,Nagaland,NL_Peren,Peren,62,62,0,0,0,0,0,0,0,,
447,NL,Nagaland,NL_Phek,Phek,1,1,0,0,0,0,0,0,0,,
448,NL,Nagaland,NL_Tuensang,Tuensang,8,8,0,0,0,0,0,0,0,,
449,NL,Nagaland,NL_Wokha,Wokha,5,5,0,0,0,0,0,0,0,,
450,NL,Nagaland,NL_Zunheboto,Zunheboto,1,1,0,0,0,0,0,0,0,,
0,OR,Odisha,OR_NDRF-ODRF,NDRF-ODRF,61,61,0,0,0,0,0,0,0,Returned from West Bengal Amphan duty,
451,OR,Odisha,OR_Angul,Angul,33,8,25,0,0,0,0,0,0,,
452,OR,Odisha,OR_Balangir,Balangir,124,44,80,0,0,1,-10,11,0,,
453,OR,Odisha,OR_Balasore,Balasore,197,37,159,1,0,0,-7,7,0,,
454,OR,Odisha,OR_Bargarh,Bargarh,18,7,11,0,0,2,2,0,0,,
456,OR,Odisha,OR_Bhadrak,Bhadrak,152,17,135,0,0,1,-4,5,0,,
455,OR,Odisha,OR_Boudh,Boudh,35,1,34,0,0,1,0,1,0,,
457,OR,Odisha,OR_Cuttack,Cuttack,209,89,119,1,0,20,18,2,0,,
458,OR,Odisha,OR_Deogarh,Deogarh,38,6,32,0,0,0,0,0,0,,
459,OR,Odisha,OR_Dhenkanal,Dhenkanal,39,18,21,0,0,0,0,0,0,,
460,OR,Odisha,OR_Gajapati,Gajapati,72,39,33,0,0,11,11,0,0,,
461,OR,Odisha,OR_Ganjam,Ganjam,649,147,498,4,0,0,-57,57,0,,
462,OR,Odisha,OR_Jagatsinghpur,Jagatsinghpur,130,54,76,0,0,33,25,8,0,,
463,OR,Odisha,OR_Jajpur,Jajpur,326,39,287,0,0,0,-7,7,0,,
464,OR,Odisha,OR_Jharsuguda,Jharsuguda,9,2,7,0,0,1,1,0,0,,
465,OR,Odisha,OR_Kalahandi,Kalahandi,36,21,15,0,0,4,4,0,0,,
466,OR,Odisha,OR_Kandhamal,Kandhamal,37,15,22,0,0,0,0,0,0,,
467,OR,Odisha,OR_Kendrapara,Kendrapara,170,9,161,0,0,1,-4,5,0,,
468,OR,Odisha,OR_Kendujhar,Kendujhar,46,21,25,0,0,1,-2,3,0,,
469,OR,Odisha,OR_Khordha,Khordha,290,102,183,5,0,14,-12,26,0,,
470,OR,Odisha,OR_Koraput,Koraput,17,9,8,0,0,1,0,1,0,,
471,OR,Odisha,OR_Malkangiri,Malkangiri,22,1,21,0,0,0,0,0,0,,
472,OR,Odisha,OR_Mayurbhanj,Mayurbhanj,83,67,16,0,0,4,4,0,0,,
473,OR,Odisha,OR_Nabarangapur,Nabarangapur,2,0,2,0,0,0,0,0,0,,
474,OR,Odisha,OR_Nayagarh,Nayagarh,97,22,75,0,0,4,-3,7,0,,
475,OR,Odisha,OR_Nuapada,Nuapada,72,15,57,0,0,0,0,0,0,,
476,OR,Odisha,OR_Puri,Puri,115,23,92,0,0,7,2,5,0,,
477,OR,Odisha,OR_Rayagada,Rayagada,7,7,0,0,0,4,4,0,0,,
478,OR,Odisha,OR_Sambalpur,Sambalpur,17,5,12,0,0,0,0,0,0,,
479,OR,Odisha,OR_Subarnapur,Subarnapur,29,22,7,0,0,0,0,0,0,,
480,OR,Odisha,OR_Sundargarh,Sundargarh,118,49,69,0,0,0,-4,4,0,,
485,PB,Punjab,PB_Amritsar,Amritsar,515,148,356,11,0,13,13,0,0,,
486,PB,Punjab,PB_Barnala,Barnala,28,3,24,1,0,1,-1,2,0,,
487,PB,Punjab,PB_Bathinda,Bathinda,55,5,50,0,0,0,-5,5,0,,
488,PB,Punjab,PB_Faridkot,Faridkot,86,25,61,0,0,13,13,0,0,,
489,PB,Punjab,PB_Fatehgarh Sahib,Fatehgarh Sahib,73,9,64,0,0,3,2,1,0,,
490,PB,Punjab,PB_Fazilka,Fazilka,48,5,43,0,0,0,0,0,0,,
491,PB,Punjab,PB_Ferozepur,Ferozepur,46,0,45,1,0,0,0,0,0,,
492,PB,Punjab,PB_Gurdaspur,Gurdaspur,165,26,136,3,0,13,9,4,0,,
493,PB,Punjab,PB_Hoshiarpur,Hoshiarpur,135,2,128,5,0,0,-3,3,0,,
494,PB,Punjab,PB_Jalandhar,Jalandhar,312,65,239,8,0,1,-8,9,0,,
495,PB,Punjab,PB_Kapurthala,Kapurthala,41,5,33,3,0,1,1,0,0,,
496,PB,Punjab,PB_Ludhiana,Ludhiana,277,93,174,10,0,11,-3,14,0,,
497,PB,Punjab,PB_Mansa,Mansa,34,2,32,0,0,0,0,0,0,,
498,PB,Punjab,PB_Moga,Moga,67,2,65,0,0,0,-1,1,0,,
499,PB,Punjab,PB_Pathankot,Pathankot,113,44,65,4,0,19,8,11,0,,
500,PB,Punjab,PB_Patiala,Patiala,142,27,112,3,0,3,3,0,0,,
501,PB,Punjab,PB_Rupnagar,Rupnagar,71,2,68,1,0,0,0,0,0,,
502,PB,Punjab,PB_S.A.S. Nagar,S.A.S. Nagar,136,24,109,3,0,3,-1,4,0,,
503,PB,Punjab,PB_Sangrur,Sangrur,120,19,101,0,0,4,-1,5,0,,
504,PB,Punjab,PB_Shahid Bhagat Singh Nagar,Shahid Bhagat Singh Nagar,110,5,104,1,0,1,-2,3,0,,
505,PB,Punjab,PB_Sri Muktsar Sahib,Sri Muktsar Sahib,71,5,66,0,0,0,0,0,0,,
506,PB,Punjab,PB_Tarn Taran,Tarn Taran,160,2,157,1,0,0,-3,3,0,,
481,PY,Puducherry,PY_Karaikal,Karaikal,2,0,2,0,0,0,0,0,0,,
482,PY,Puducherry,PY_Mahe,Mahe,6,2,4,0,0,0,0,0,0,,
483,PY,Puducherry,PY_Puducherry,Puducherry,136,82,54,0,0,12,7,5,0,,
484,PY,Puducherry,PY_Yanam,Yanam,0,0,0,0,0,0,0,0,0,,
507,RJ,Rajasthan,RJ_Ajmer,Ajmer,380,38,331,11,0,3,3,0,0,,
508,RJ,Rajasthan,RJ_Alwar,Alwar,171,117,52,2,0,2,2,0,0,,
509,RJ,Rajasthan,RJ_Banswara,Banswara,90,4,84,2,0,0,-1,1,0,,
510,RJ,Rajasthan,RJ_Baran,Baran,61,25,33,3,0,0,0,0,0,,
511,RJ,Rajasthan,RJ_Barmer,Barmer,112,27,85,0,0,1,1,0,0,,
512,RJ,Rajasthan,RJ_Bharatpur,Bharatpur,893,570,314,9,0,110,39,71,0,,
513,RJ,Rajasthan,RJ_Bhilwara,Bhilwara,181,43,135,3,0,3,1,2,0,,
514,RJ,Rajasthan,RJ_Bikaner,Bikaner,117,22,90,5,0,2,1,0,1,,
0,RJ,Rajasthan,RJ_BSF Camp,BSF Camp,50,0,50,0,0,0,0,0,0,,
515,RJ,Rajasthan,RJ_Bundi,Bundi,9,8,1,0,0,1,0,1,0,,
516,RJ,Rajasthan,RJ_Chittorgarh,Chittorgarh,199,23,172,4,0,1,-1,2,0,,
517,RJ,Rajasthan,RJ_Churu,Churu,175,72,102,1,0,14,13,1,0,,
518,RJ,Rajasthan,RJ_Dausa,Dausa,74,23,50,1,0,1,1,0,0,,
519,RJ,Rajasthan,RJ_Dholpur,Dholpur,74,13,60,1,0,2,2,0,0,,
520,RJ,Rajasthan,RJ_Dungarpur,Dungarpur,383,44,339,0,0,2,2,0,0,,
0,RJ,Rajasthan,RJ_Evacuees,Evacuees,61,0,61,0,0,0,0,0,0,,
521,RJ,Rajasthan,RJ_Ganganagar,Ganganagar,11,4,7,0,0,1,0,1,0,,
522,RJ,Rajasthan,RJ_Hanumangarh,Hanumangarh,30,1,29,0,0,0,0,0,0,,
0,RJ,Rajasthan,RJ_Italians,Italians,2,0,2,0,0,0,0,0,0,,
523,RJ,Rajasthan,RJ_Jaipur,Jaipur,2411,402,1890,119,0,51,24,26,1,,
524,RJ,Rajasthan,RJ_Jaisalmer,Jaisalmer,77,5,72,0,0,1,1,0,0,,
525,RJ,Rajasthan,RJ_Jalore,Jalore,185,25,158,2,0,13,13,0,0,,
526,RJ,Rajasthan,RJ_Jhalawar,Jhalawar,335,87,248,0,0,4,1,3,0,,
527,RJ,Rajasthan,RJ_Jhunjhunu,Jhunjhunu,184,33,150,1,0,9,8,1,0,,
528,RJ,Rajasthan,RJ_Jodhpur,Jodhpur,1985,470,1489,26,0,41,-59,99,1,,
529,RJ,Rajasthan,RJ_Karauli,Karauli,34,18,13,3,0,1,1,0,0,,
530,RJ,Rajasthan,RJ_Kota,Kota,535,65,452,18,0,4,-4,8,0,,
531,RJ,Rajasthan,RJ_Nagaur,Nagaur,520,74,437,9,0,8,5,3,0,,
0,RJ,Rajasthan,RJ_Other State,Other State,50,35,0,15,0,3,2,0,1,,
532,RJ,Rajasthan,RJ_Pali,Pali,685,220,458,7,0,44,37,7,0,,
533,RJ,Rajasthan,RJ_Pratapgarh,Pratapgarh,14,0,13,1,0,0,0,0,0,,
534,RJ,Rajasthan,RJ_Rajsamand,Rajsamand,165,24,140,1,0,3,3,0,0,,
535,RJ,Rajasthan,RJ_Sawai Madhopur,Sawai Madhopur,45,23,17,5,0,0,0,0,0,,
536,RJ,Rajasthan,RJ_Sikar,Sikar,318,116,197,5,0,19,19,0,0,,
537,RJ,Rajasthan,RJ_Sirohi,Sirohi,219,80,136,3,0,8,8,0,0,,
538,RJ,Rajasthan,RJ_Tonk,Tonk,175,7,167,1,0,0,0,0,0,,
539,RJ,Rajasthan,RJ_Udaipur,Udaipur,590,54,535,1,0,3,-12,15,0,,
540,SK,Sikkim,SK_East Sikkim,East Sikkim,3,3,0,0,0,0,0,0,0,,
541,SK,Sikkim,SK_North Sikkim,North Sikkim,0,0,0,0,0,0,0,0,0,,
542,SK,Sikkim,SK_South Sikkim,South Sikkim,3,3,0,0,0,0,0,0,0,,
543,SK,Sikkim,SK_West Sikkim,West Sikkim,4,4,0,0,0,0,0,0,0,,
0,TG,Telangana,TG_Foreign Evacuees,Foreign Evacuees,33,33,0,0,0,0,0,0,0,,
0,TG,Telangana,TG_Other State,Other State,250,250,0,0,0,0,0,0,0,,
576,TG,Telangana,TG_Adilabad,Adilabad,30,15,15,0,0,0,0,0,0,,
577,TG,Telangana,TG_Bhadradri Kothagudem,Bhadradri Kothagudem,5,1,4,0,0,0,0,0,0,,
578,TG,Telangana,TG_Hyderabad,Hyderabad,2514,2186,305,23,0,143,143,0,0,,
579,TG,Telangana,TG_Jagtial,Jagtial,16,14,2,0,0,3,3,0,0,,
580,TG,Telangana,TG_Jangaon,Jangaon,6,5,1,0,0,0,0,0,0,,
581,TG,Telangana,TG_Jayashankar Bhupalapally,Jayashankar Bhupalapally,3,3,0,0,0,0,0,0,0,,
582,TG,Telangana,TG_Jogulamba Gadwal,Jogulamba Gadwal,46,20,25,1,0,0,0,0,0,,
583,TG,Telangana,TG_Kamareddy,Kamareddy,13,5,8,0,0,0,0,0,0,,
584,TG,Telangana,TG_Karimnagar,Karimnagar,25,9,16,0,0,2,2,0,0,,
585,TG,Telangana,TG_Khammam,Khammam,20,17,3,0,0,0,0,0,0,,
586,TG,Telangana,TG_Komaram Bheem,Komaram Bheem,14,12,2,0,0,0,0,0,0,,
587,TG,Telangana,TG_Mahabubabad,Mahabubabad,6,5,1,0,0,0,0,0,0,,
588,TG,Telangana,TG_Mahabubnagar,Mahabubnagar,31,23,8,0,0,4,4,0,0,,
589,TG,Telangana,TG_Mancherial,Mancherial,4,3,0,1,0,0,0,0,0,,
590,TG,Telangana,TG_Medak,Medak,17,13,4,0,0,3,3,0,0,,
591,TG,Telangana,TG_Medchal Malkajgiri,Medchal Malkajgiri,96,86,9,1,0,11,11,0,0,,
592,TG,Telangana,TG_Mulugu,Mulugu,2,0,2,0,0,0,0,0,0,,
593,TG,Telangana,TG_Nagarkurnool,Nagarkurnool,8,6,2,0,0,2,2,0,0,,
594,TG,Telangana,TG_Nalgonda,Nalgonda,23,11,12,0,0,0,0,0,0,,
595,TG,Telangana,TG_Narayanpet,Narayanpet,2,1,0,1,0,0,0,0,0,,
596,TG,Telangana,TG_Nirmal,Nirmal,26,13,13,0,0,0,0,0,0,,
597,TG,Telangana,TG_Nizamabad,Nizamabad,63,33,30,0,0,1,1,0,0,,
598,TG,Telangana,TG_Peddapalli,Peddapalli,3,2,1,0,0,0,0,0,0,,
599,TG,Telangana,TG_Rajanna Sircilla,Rajanna Sircilla,6,4,2,0,0,0,0,0,0,,
600,TG,Telangana,TG_Ranga Reddy,Ranga Reddy,190,171,17,2,0,8,8,0,0,,
601,TG,Telangana,TG_Sangareddy,Sangareddy,34,28,6,0,0,11,11,0,0,,
602,TG,Telangana,TG_Siddipet,Siddipet,4,3,1,0,0,1,1,0,0,,
603,TG,Telangana,TG_Suryapet,Suryapet,86,62,24,0,0,0,0,0,0,,
604,TG,Telangana,TG_Vikarabad,Vikarabad,41,25,15,1,0,1,1,0,0,,
605,TG,Telangana,TG_Wanaparthy,Wanaparthy,1,1,0,0,0,0,0,0,0,,
606,TG,Telangana,TG_Warangal Rural,Warangal Rural,1,1,0,0,0,0,0,0,0,,
607,TG,Telangana,TG_Warangal Urban,Warangal Urban,33,10,23,0,0,0,0,0,0,,
608,TG,Telangana,TG_Yadadri Bhuvanagiri,Yadadri Bhuvanagiri,9,9,0,0,0,0,0,0,0,,
0,TN,Tamil Nadu,TN_Railway Quarantine,Railway Quarantine,294,177,117,0,0,0,-16,16,0,,
0,TN,Tamil Nadu,TN_Airport Quarantine,Airport Quarantine,212,125,86,1,0,7,-2,9,0,,
0,TN,Tamil Nadu,TN_Other State,Other State,0,-3,0,3,0,0,0,0,0,,
544,TN,Tamil Nadu,TN_Ariyalur,Ariyalur,384,23,361,0,0,0,0,0,0,,
732,TN,Tamil Nadu,TN_Chengalpattu,Chengalpattu,2328,1413,897,18,0,182,165,14,3,,
545,TN,Tamil Nadu,TN_Chennai,Chennai,25937,13089,12591,257,0,1392,515,861,16,,
546,TN,Tamil Nadu,TN_Coimbatore,Coimbatore,167,19,147,1,0,1,1,0,0,,
547,TN,Tamil Nadu,TN_Cuddalore,Cuddalore,498,42,455,1,0,7,6,1,0,,
548,TN,Tamil Nadu,TN_Dharmapuri,Dharmapuri,23,15,8,0,0,4,4,0,0,,
549,TN,Tamil Nadu,TN_Dindigul,Dindigul,185,43,140,2,0,3,-10,13,0,,
550,TN,Tamil Nadu,TN_Erode,Erode,74,3,70,1,0,1,1,0,0,,
734,TN,Tamil Nadu,TN_Kallakurichi,Kallakurichi,299,61,238,0,0,4,1,3,0,,
551,TN,Tamil Nadu,TN_Kancheepuram,Kancheepuram,600,235,360,5,0,33,15,18,0,,
552,TN,Tamil Nadu,TN_Kanyakumari,Kanyakumari,105,40,64,1,0,10,7,3,0,,
553,TN,Tamil Nadu,TN_Karur,Karur,87,7,80,0,0,0,0,0,0,,
554,TN,Tamil Nadu,TN_Krishnagiri,Krishnagiri,38,17,21,0,0,1,1,0,0,,
555,TN,Tamil Nadu,TN_Madurai,Madurai,343,99,241,3,0,10,10,0,0,,
556,TN,Tamil Nadu,TN_Nagapattinam,Nagapattinam,92,41,51,0,0,4,4,0,0,,
557,TN,Tamil Nadu,TN_Namakkal,Namakkal,89,11,77,1,0,4,4,0,0,,
564,TN,Tamil Nadu,TN_Nilgiris,Nilgiris,14,0,14,0,0,0,0,0,0,,
558,TN,Tamil Nadu,TN_Perambalur,Perambalur,144,3,141,0,0,0,0,0,0,,
559,TN,Tamil Nadu,TN_Pudukkottai,Pudukkottai,45,19,25,1,0,5,4,1,0,,
560,TN,Tamil Nadu,TN_Ramanathapuram,Ramanathapuram,126,52,73,1,0,8,8,0,0,,
733,TN,Tamil Nadu,TN_Ranipet,Ranipet,164,68,95,1,0,25,24,1,0,,
561,TN,Tamil Nadu,TN_Salem,Salem,213,40,173,0,0,2,2,0,0,,
562,TN,Tamil Nadu,TN_Sivaganga,Sivaganga,44,9,35,0,0,2,-1,3,0,,
731,TN,Tamil Nadu,TN_Tenkasi,Tenkasi,106,18,88,0,0,0,0,0,0,,
563,TN,Tamil Nadu,TN_Thanjavur,Thanjavur,127,37,90,0,0,2,1,1,0,,
565,TN,Tamil Nadu,TN_Theni,Theni,134,27,105,2,0,9,9,0,0,,
566,TN,Tamil Nadu,TN_Thiruvallur,Thiruvallur,1581,771,795,15,0,105,81,24,0,,
567,TN,Tamil Nadu,TN_Thiruvarur,Thiruvarur,83,38,45,0,0,14,14,0,0,,
568,TN,Tamil Nadu,TN_Thoothukkudi,Thoothukkudi,389,161,226,2,0,24,14,10,0,,
569,TN,Tamil Nadu,TN_Tiruchirappalli,Tiruchirappalli,132,26,105,1,0,12,8,4,0,,
570,TN,Tamil Nadu,TN_Tirunelveli,Tirunelveli,407,54,352,1,0,7,1,6,0,,
735,TN,Tamil Nadu,TN_Tirupathur,Tirupathur,42,11,31,0,0,0,0,0,0,,
571,TN,Tamil Nadu,TN_Tiruppur,Tiruppur,114,0,114,0,0,0,0,0,0,,
572,TN,Tamil Nadu,TN_Tiruvannamalai,Tiruvannamalai,548,220,326,2,0,26,10,16,0,,
573,TN,Tamil Nadu,TN_Vellore,Vellore,122,76,43,3,0,11,9,2,0,,
574,TN,Tamil Nadu,TN_Viluppuram,Viluppuram,392,60,329,3,0,7,5,2,0,,
575,TN,Tamil Nadu,TN_Virudhunagar,Virudhunagar,159,35,124,0,0,5,5,0,0,,
609,TR,Tripura,TR_Dhalai,Dhalai,200,30,170,0,0,1,-5,6,0,,
610,TR,Tripura,TR_Gomati,Gomati,95,68,27,0,0,3,-19,22,0,,
611,TR,Tripura,TR_Khowai,Khowai,28,15,13,0,0,0,-9,9,0,,
612,TR,Tripura,TR_North Tripura,North Tripura,14,7,7,0,0,0,-3,3,0,,
613,TR,Tripura,TR_Sipahijala,Sipahijala,355,346,9,0,0,7,3,4,0,,
614,TR,Tripura,TR_South Tripura,South Tripura,75,71,4,0,0,1,-1,2,0,,
615,TR,Tripura,TR_Unokoti,Unokoti,52,51,1,0,0,2,2,0,0,,
616,TR,Tripura,TR_West Tripura,West Tripura,78,69,8,1,0,17,16,1,0,,
617,UP,Uttar Pradesh,UP_Agra,Agra,994,134,805,55,0,8,6,1,1,,
618,UP,Uttar Pradesh,UP_Aligarh,Aligarh,226,103,105,18,0,6,4,1,1,,
619,UP,Uttar Pradesh,UP_Ambedkar Nagar,Ambedkar Nagar,94,43,48,3,0,0,-1,1,0,,
620,UP,Uttar Pradesh,UP_Amethi,Amethi,214,97,116,1,0,0,-39,38,1,,
621,UP,Uttar Pradesh,UP_Amroha,Amroha,75,18,56,1,0,1,1,0,0,,
622,UP,Uttar Pradesh,UP_Auraiya,Auraiya,52,24,26,2,0,1,1,0,0,,
765,UP,Uttar Pradesh,UP_Ayodhya,Ayodhya,150,43,103,4,0,5,-7,12,0,,
623,UP,Uttar Pradesh,UP_Azamgarh,Azamgarh,161,71,87,3,0,2,-49,51,0,,
624,UP,Uttar Pradesh,UP_Baghpat,Baghpat,119,90,28,1,0,15,15,0,0,,
625,UP,Uttar Pradesh,UP_Bahraich,Bahraich,106,30,76,0,0,0,-4,4,0,,
626,UP,Uttar Pradesh,UP_Ballia,Ballia,60,21,39,0,0,0,-2,2,0,,
627,UP,Uttar Pradesh,UP_Balrampur,Balrampur,47,10,36,1,0,0,0,0,0,,
628,UP,Uttar Pradesh,UP_Banda,Banda,31,6,24,1,0,4,4,0,0,,
629,UP,Uttar Pradesh,UP_Barabanki,Barabanki,187,46,140,1,0,1,1,0,0,,
630,UP,Uttar Pradesh,UP_Bareilly,Bareilly,75,35,38,2,0,0,0,0,0,,
631,UP,Uttar Pradesh,UP_Basti,Basti,244,97,137,10,0,5,-10,10,5,,
632,UP,Uttar Pradesh,UP_Bhadohi,Bhadohi,76,53,23,0,0,0,-4,4,0,,
633,UP,Uttar Pradesh,UP_Bijnor,Bijnor,168,79,86,3,0,0,-7,7,0,,
634,UP,Uttar Pradesh,UP_Budaun,Budaun,48,9,38,1,0,0,0,0,0,,
635,UP,Uttar Pradesh,UP_Bulandshahr,Bulandshahr,249,136,105,8,0,11,10,0,1,,
636,UP,Uttar Pradesh,UP_Chandauli,Chandauli,39,20,18,1,0,1,0,1,0,,
637,UP,Uttar Pradesh,UP_Chitrakoot,Chitrakoot,65,30,33,2,0,0,0,0,0,,
638,UP,Uttar Pradesh,UP_Deoria,Deoria,138,63,72,3,0,1,-16,17,0,,
639,UP,Uttar Pradesh,UP_Etah,Etah,53,31,18,4,0,0,0,0,0,,
640,UP,Uttar Pradesh,UP_Etawah,Etawah,96,54,41,1,0,2,2,0,0,,
642,UP,Uttar Pradesh,UP_Farrukhabad,Farrukhabad,60,33,26,1,0,5,5,0,0,,
643,UP,Uttar Pradesh,UP_Fatehpur,Fatehpur,69,30,39,0,0,0,0,0,0,,
644,UP,Uttar Pradesh,UP_Firozabad,Firozabad,324,64,242,18,0,5,-6,11,0,,
645,UP,Uttar Pradesh,UP_Gautam Buddha Nagar,Gautam Buddha Nagar,746,284,453,9,0,19,-9,27,1,,
646,UP,Uttar Pradesh,UP_Ghaziabad,Ghaziabad,538,231,293,14,0,7,-11,15,3,,
647,UP,Uttar Pradesh,UP_Ghazipur,Ghazipur,167,84,83,0,0,0,0,0,0,,
648,UP,Uttar Pradesh,UP_Gonda,Gonda,108,49,59,0,0,17,17,0,0,,
649,UP,Uttar Pradesh,UP_Gorakhpur,Gorakhpur,148,87,53,8,0,3,0,3,0,,
650,UP,Uttar Pradesh,UP_Hamirpur,Hamirpur,15,10,5,0,0,0,0,0,0,,
651,UP,Uttar Pradesh,UP_Hapur,Hapur,198,94,101,3,0,0,-1,0,1,,
652,UP,Uttar Pradesh,UP_Hardoi,Hardoi,126,84,42,0,0,2,-2,4,0,,
653,UP,Uttar Pradesh,UP_Hathras,Hathras,47,22,24,1,0,2,0,2,0,,
654,UP,Uttar Pradesh,UP_Jalaun,Jalaun,72,27,41,4,0,2,2,0,0,,
655,UP,Uttar Pradesh,UP_Jaunpur,Jaunpur,352,191,158,3,0,51,43,8,0,,
656,UP,Uttar Pradesh,UP_Jhansi,Jhansi,64,24,32,8,0,1,-3,2,2,,
657,UP,Uttar Pradesh,UP_Kannauj,Kannauj,112,68,44,0,0,7,3,4,0,,
658,UP,Uttar Pradesh,UP_Kanpur Dehat,Kanpur Dehat,40,27,12,1,0,1,1,0,0,,
659,UP,Uttar Pradesh,UP_Kanpur Nagar,Kanpur Nagar,560,200,342,18,0,5,1,3,1,,
660,UP,Uttar Pradesh,UP_Kasganj,Kasganj,26,11,15,0,0,0,0,0,0,,
661,UP,Uttar Pradesh,UP_Kaushambi,Kaushambi,50,3,47,0,0,0,0,0,0,,
663,UP,Uttar Pradesh,UP_Kushinagar,Kushinagar,57,44,11,2,0,0,-3,3,0,,
662,UP,Uttar Pradesh,UP_Lakhimpur Kheri,Lakhimpur Kheri,82,19,63,0,0,2,2,0,0,,
664,UP,Uttar Pradesh,UP_Lalitpur,Lalitpur,3,1,1,1,0,0,0,0,0,,
665,UP,Uttar Pradesh,UP_Lucknow,Lucknow,482,135,340,7,0,2,-11,12,1,,
667,UP,Uttar Pradesh,UP_Maharajganj,Maharajganj,89,51,37,1,0,0,-1,1,0,,
666,UP,Uttar Pradesh,UP_Mahoba,Mahoba,24,13,10,1,0,1,1,0,0,,
668,UP,Uttar Pradesh,UP_Mainpuri,Mainpuri,95,55,36,4,0,8,-1,7,2,,
669,UP,Uttar Pradesh,UP_Mathura,Mathura,113,38,69,6,0,6,6,0,0,,
670,UP,Uttar Pradesh,UP_Mau,Mau,62,30,31,1,0,0,-1,1,0,,
671,UP,Uttar Pradesh,UP_Meerut,Meerut,567,145,382,40,0,14,-6,20,0,,
672,UP,Uttar Pradesh,UP_Mirzapur,Mirzapur,42,15,27,0,0,2,-2,4,0,,
673,UP,Uttar Pradesh,UP_Moradabad,Moradabad,275,71,193,11,0,0,-3,3,0,,
674,UP,Uttar Pradesh,UP_Muzaffarnagar,Muzaffarnagar,137,67,68,2,0,7,7,0,0,,
675,UP,Uttar Pradesh,UP_Pilibhit,Pilibhit,66,22,44,0,0,10,10,0,0,,
676,UP,Uttar Pradesh,UP_Pratapgarh,Pratapgarh,91,13,74,4,0,1,1,0,0,,
677,UP,Uttar Pradesh,UP_Prayagraj,Prayagraj,133,45,84,4,0,1,-1,2,0,,
678,UP,Uttar Pradesh,UP_Rae Bareli,Rae Bareli,100,31,68,1,0,0,-3,3,0,,
679,UP,Uttar Pradesh,UP_Rampur,Rampur,225,53,170,2,0,3,5,-2,0,,
680,UP,Uttar Pradesh,UP_Saharanpur,Saharanpur,273,41,232,0,0,1,0,1,0,,
681,UP,Uttar Pradesh,UP_Sambhal,Sambhal,153,68,84,1,0,5,4,1,0,,
682,UP,Uttar Pradesh,UP_Sant Kabir Nagar,Sant Kabir Nagar,155,87,61,7,0,2,-5,7,0,,
683,UP,Uttar Pradesh,UP_Shahjahanpur,Shahjahanpur,53,34,19,0,0,4,4,0,0,,
684,UP,Uttar Pradesh,UP_Shamli,Shamli,51,10,41,0,0,0,0,0,0,,
685,UP,Uttar Pradesh,UP_Shrawasti,Shrawasti,47,18,28,1,0,0,0,0,0,,
686,UP,Uttar Pradesh,UP_Siddharthnagar,Siddharthnagar,164,57,104,3,0,12,10,2,0,,
687,UP,Uttar Pradesh,UP_Sitapur,Sitapur,44,4,40,0,0,0,0,0,0,,
688,UP,Uttar Pradesh,UP_Sonbhadra,Sonbhadra,24,18,6,0,0,0,-2,2,0,,
689,UP,Uttar Pradesh,UP_Sultanpur,Sultanpur,105,36,68,1,0,1,-6,7,0,,
690,UP,Uttar Pradesh,UP_Unnao,Unnao,61,31,28,2,0,2,2,0,0,,
691,UP,Uttar Pradesh,UP_Varanasi,Varanasi,248,100,143,5,0,1,1,0,0,,
692,UT,Uttarakhand,UT_Almora,Almora,74,6,67,1,0,0,-5,5,0,,
693,UT,Uttarakhand,UT_Bageshwar,Bageshwar,40,22,18,0,0,0,0,0,0,,
694,UT,Uttarakhand,UT_Chamoli,Chamoli,34,7,27,0,0,0,-4,4,0,,
695,UT,Uttarakhand,UT_Champawat,Champawat,48,17,30,1,0,0,-3,3,0,,
696,UT,Uttarakhand,UT_Dehradun,Dehradun,403,219,169,11,4,7,-25,30,2,,
697,UT,Uttarakhand,UT_Haridwar,Haridwar,154,98,54,0,2,3,-6,9,0,,
698,UT,Uttarakhand,UT_Nainital,Nainital,334,117,216,1,0,6,6,0,0,,
699,UT,Uttarakhand,UT_Pauri Garhwal,Pauri Garhwal,52,23,28,1,0,1,-5,6,0,,
700,UT,Uttarakhand,UT_Pithoragarh,Pithoragarh,51,30,21,0,0,0,0,0,0,,
701,UT,Uttarakhand,UT_Rudraprayag,Rudraprayag,29,26,3,0,0,1,1,0,0,,
702,UT,Uttarakhand,UT_Tehri Garhwal,Tehri Garhwal,223,125,98,0,0,2,2,0,0,,
703,UT,Uttarakhand,UT_Udham Singh Nagar,Udham Singh Nagar,95,17,78,0,0,4,-11,15,0,,
704,UT,Uttarakhand,UT_Uttarkashi,Uttarkashi,25,3,22,0,0,1,-3,4,0,,
705,WB,West Bengal,WB_Alipurduar,Alipurduar,38,31,7,0,0,0,-1,1,0,,
706,WB,West Bengal,WB_Bankura,Bankura,153,110,43,0,0,13,13,0,0,,
707,WB,West Bengal,WB_Birbhum,Birbhum,235,55,179,1,0,2,-2,4,0,,
708,WB,West Bengal,WB_Cooch Behar,Cooch Behar,217,150,67,0,0,1,1,0,0,,
709,WB,West Bengal,WB_Dakshin Dinajpur,Dakshin Dinajpur,44,9,35,0,0,0,-2,2,0,,
710,WB,West Bengal,WB_Darjeeling,Darjeeling,128,85,40,3,0,10,10,0,0,,
711,WB,West Bengal,WB_Hooghly,Hooghly,649,436,201,12,0,30,20,10,0,,
712,WB,West Bengal,WB_Howrah,Howrah,1524,926,543,55,0,29,18,9,2,,
713,WB,West Bengal,WB_Jalpaiguri,Jalpaiguri,101,87,14,0,0,1,-1,2,0,,
714,WB,West Bengal,WB_Jhargram,Jhargram,11,5,6,0,0,0,0,0,0,,
715,WB,West Bengal,WB_Kalimpong,Kalimpong,23,15,7,1,0,1,1,0,0,,
716,WB,West Bengal,WB_Kolkata,Kolkata,3128,1632,1221,275,0,110,84,16,10,,
717,WB,West Bengal,WB_Malda,Malda,235,114,121,0,0,2,-6,8,0,,
719,WB,West Bengal,WB_Murshidabad,Murshidabad,149,43,103,3,0,4,1,2,1,,
720,WB,West Bengal,WB_Nadia,Nadia,149,73,74,2,0,15,9,6,0,,
721,WB,West Bengal,WB_North 24 Parganas,North 24 Parganas,1258,764,431,63,0,72,48,20,4,,
0,WB,West Bengal,WB_Other State,Other State,66,22,41,3,0,0,-23,23,0,,
722,WB,West Bengal,WB_Paschim Bardhaman,Paschim Bardhaman,90,44,44,2,0,6,2,4,0,,
718,WB,West Bengal,WB_Paschim Medinipur,Paschim Medinipur,209,146,62,1,0,19,18,1,0,,
723,WB,West Bengal,WB_Purba Bardhaman,Purba Bardhaman,127,23,104,0,0,2,-4,6,0,,
724,WB,West Bengal,WB_Purba Medinipur,Purba Medinipur,171,90,79,2,0,10,7,3,0,,
725,WB,West Bengal,WB_Purulia,Purulia,83,41,42,0,0,0,0,0,0,,
726,WB,West Bengal,WB_South 24 Parganas,South 24 Parganas,331,204,118,9,0,14,13,1,0,,
727,WB,West Bengal,WB_Uttar Dinajpur,Uttar Dinajpur,209,12,197,0,0,2,-39,41,0,,
728,AN,Andaman and Nicobar Islands,AN_Unknown,Unknown,2,2,0,0,,0,0,0,0,,
729,AP,Andhra Pradesh,AP_Unknown,Unknown,0,0,0,0,,0,0,0,0,,
730,AR,Arunachal Pradesh,AR_Unknown,Unknown,0,-2,2,0,,0,0,0,0,,
731,AS,Assam,AS_Unknown,Unknown,319,-133,452,0,,0,0,0,0,,
732,BR,Bihar,BR_Unknown,Unknown,0,0,0,0,,0,0,0,0,,
733,CH,Chandigarh,CH_Unknown,Unknown,0,0,0,0,,0,0,0,0,,
734,CT,Chhattisgarh,CT_Unknown,Unknown,0,-51,51,0,,0,0,0,0,,
735,DN,Dadra and Nagar Haveli and Daman and Diu,DN_Unknown,Unknown,5,5,0,0,,0,0,0,0,,
737,DL,Delhi,DL_Unknown,Unknown,32022,18794,12245,983,,0,0,0,0,,
738,GA,Goa,GA_Unknown,Unknown,4,4,0,0,,0,0,0,0,,
739,GJ,Gujarat,GJ_Unknown,Unknown,0,0,0,0,,0,0,0,0,,
740,HR,Haryana,HR_Unknown,Unknown,0,0,0,0,,0,0,0,0,,
741,HP,Himachal Pradesh,HP_Unknown,Unknown,0,0,0,0,,0,0,0,0,,
742,JK,Jammu and Kashmir,JK_Unknown,Unknown,0,0,0,0,,0,0,0,0,,
743,JH,Jharkhand,JH_Unknown,Unknown,0,0,0,0,,0,0,0,0,,
744,KA,Karnataka,KA_Unknown,Unknown,0,0,0,0,,0,0,0,0,,
745,KL,Kerala,KL_Unknown,Unknown,0,0,0,0,,0,0,0,0,,
746,LA,Ladakh,LA_Unknown,Unknown,0,0,0,0,,0,0,0,0,,
747,LD,Lakshadweep,LD_Unknown,Unknown,0,0,0,0,,0,0,0,0,,
748,MP,Madhya Pradesh,MP_Unknown,Unknown,0,0,0,0,,0,0,0,0,,
749,MH,Maharashtra,MH_Unknown,Unknown,0,0,0,0,,0,0,0,0,,
750,MN,Manipur,MN_Unknown,Unknown,31,-2,33,0,,0,0,0,0,,
751,ML,Meghalaya,ML_Unknown,Unknown,8,8,0,0,,0,0,0,0,,
752,MZ,Mizoram,MZ_Unknown,Unknown,0,0,0,0,,0,0,0,0,,
753,NL,Nagaland,NL_Unknown,Unknown,0,0,0,0,,0,0,0,0,,
754,OR,Odisha,OR_Unknown,Unknown,0,0,0,0,,0,0,0,0,,
755,PY,Puducherry,PY_Unknown,Unknown,0,0,0,0,,0,0,0,0,,
756,PB,Punjab,PB_Unknown,Unknown,0,0,0,0,,0,0,0,0,,
757,RJ,Rajasthan,RJ_Unknown,Unknown,0,0,0,0,,0,0,0,0,,
758,SK,Sikkim,SK_Unknown,Unknown,3,0,3,0,,0,0,0,0,,
759,TN,Tamil Nadu,TN_Unknown,Unknown,0,0,0,0,,0,0,0,0,,
760,TG,Telangana,TG_Unknown,Unknown,450,-942,1266,126,,0,0,0,0,,
761,TR,Tripura,TR_Unknown,Unknown,0,0,0,0,,0,0,0,0,,
762,UP,Uttar Pradesh,UP_Unknown,Unknown,0,0,0,0,,0,0,0,0,,
763,UT,Uttarakhand,UT_Unknown,Unknown,0,0,0,0,,0,0,0,0,,
764,WB,West Bengal,WB_Unknown,Unknown,0,0,0,0,,0,0,0,0,,
